Workbook

Sheet Fichero
A1: DESCRIPCIÓN (Max. 40 Caractéres) | B1: CÓDIGO EXTERNO (Max. 35 Caractéres) Es el que se usa para las transmisiones. | C1: CÓDIGO DE BARRAS (Normalmente 13 caractéres) | D1: PESO CAJA (en Kgs.) | E1: ALTO CAJA (en Cm.) | F1: ANCHO CAJA (en Cm.) | G1: LARGO CAJA (en Cm.) | H1: UNIDADES POR CAJA | I1: CAJAS POR PALET (Altura máxima permitida 1,50 m por palet) | J1: FORMATO VENTA (Unidad, Caja, …) | K1: FAMILIA | L1: CADUCIDAD SI / NO | M1: LOTE SI / NO | N1: NUMERO SERIE SI / NO
A2: Whey Protein Crema Catalana 300 g | B2: QV-WHE-CC-0300 | D2: =IF(OR($H2="",'Dades QV'!$E2=""),"",ROUND('Dades QV'!$E2*$H2/1000,3)) | J2: Unidad | K2: PROTEINA WHEY | L2: SI | M2: SI | N2: NO
A3: Whey Protein Crema Catalana 750 g | B3: QV-WHE-CC-0750 | D3: =IF(OR($H3="",'Dades QV'!$E3=""),"",ROUND('Dades QV'!$E3*$H3/1000,3)) | J3: Unidad | K3: PROTEINA WHEY | L3: SI | M3: SI | N3: NO
A4: Whey Protein Crema Catalana 1500 g | B4: QV-WHE-CC-1500 | D4: =IF(OR($H4="",'Dades QV'!$E4=""),"",ROUND('Dades QV'!$E4*$H4/1000,3)) | J4: Unidad | K4: PROTEINA WHEY | L4: SI | M4: SI | N4: NO
A5: Whey Protein Crema Catalana 4000 g | B5: QV-WHE-CC-4000 | D5: =IF(OR($H5="",'Dades QV'!$E5=""),"",ROUND('Dades QV'!$E5*$H5/1000,3)) | J5: Unidad | K5: PROTEINA WHEY | L5: SI | M5: SI | N5: NO
A6: Whey Protein Neutre 300 g | B6: QV-WHE-NE-0300 | D6: =IF(OR($H6="",'Dades QV'!$E6=""),"",ROUND('Dades QV'!$E6*$H6/1000,3)) | J6: Unidad | K6: PROTEINA WHEY | L6: SI | M6: SI | N6: NO
A7: Whey Protein Neutre 750 g | B7: QV-WHE-NE-0750 | D7: =IF(OR($H7="",'Dades QV'!$E7=""),"",ROUND('Dades QV'!$E7*$H7/1000,3)) | J7: Unidad | K7: PROTEINA WHEY | L7: SI | M7: SI | N7: NO
A8: Whey Protein Neutre 1500 g | B8: QV-WHE-NE-1500 | D8: =IF(OR($H8="",'Dades QV'!$E8=""),"",ROUND('Dades QV'!$E8*$H8/1000,3)) | J8: Unidad | K8: PROTEINA WHEY | L8: SI | M8: SI | N8: NO
A9: Whey Protein Neutre 4000 g | B9: QV-WHE-NE-4000 | D9: =IF(OR($H9="",'Dades QV'!$E9=""),"",ROUND('Dades QV'!$E9*$H9/1000,3)) | J9: Unidad | K9: PROTEINA WHEY | L9: SI | M9: SI | N9: NO
A10: Whey Protein Orxata 300 g | B10: QV-WHE-OR-0300 | D10: =IF(OR($H10="",'Dades QV'!$E10=""),"",ROUND('Dades QV'!$E10*$H10/1000,3)) | J10: Unidad | K10: PROTEINA WHEY | L10: SI | M10: SI | N10: NO
A11: Whey Protein Orxata 750 g | B11: QV-WHE-OR-0750 | D11: =IF(OR($H11="",'Dades QV'!$E11=""),"",ROUND('Dades QV'!$E11*$H11/1000,3)) | J11: Unidad | K11: PROTEINA WHEY | L11: SI | M11: SI | N11: NO
A12: Whey Protein Orxata 1500 g | B12: QV-WHE-OR-1500 | D12: =IF(OR($H12="",'Dades QV'!$E12=""),"",ROUND('Dades QV'!$E12*$H12/1000,3)) | J12: Unidad | K12: PROTEINA WHEY | L12: SI | M12: SI | N12: NO
A13: Mostra Whey Crema Catalana 30 g | B13: QV-MOS-CC-0030 | D13: =IF(OR($H13="",'Dades QV'!$E13=""),"",ROUND('Dades QV'!$E13*$H13/1000,3)) | J13: Unidad | K13: MOSTRES | L13: SI | M13: SI | N13: NO
... A17: Creatina Monohidrat Micronitzada 400 g | B17: QV-CRE-NE-0400 | D17: =IF(OR($H17="",'Dades QV'!$E17=""),"",ROUND('Dades QV'!$E17*$H17/1000,3)) | J17: Unidad | K17: CREATINA | L17: SI | M17: SI | N17: NO
A19: LLEGENDA
A20: Groc = pendent d'omplir per Quota Vita / operador logistic (codi de barres i mides de la caixa).
A21: Gris = PESO CAJA, calculat automaticament en omplir UNIDADES POR CAJA (col. H) i la tara a la pestanya "Dades QV".
A22: Blanc = dada extreta de Shopify (catàleg Quota Vita) o regla de negoci fixa.

Sheet Dades QV
A1: CÓDIGO EXTERNO (SKU) | B1: DESCRIPCIÓN | C1: PES NET UNITAT (g) format del producte | D1: TARA ENVÀS + ETIQUETA (g) OMPLIR | E1: PES BRUT UNITAT (g) calculat | F1: PES REGISTRAT A SHOPIFY (g) | G1: COHERÈNCIA SHOPIFY
A2: QV-WHE-CC-0300 | B2: Whey Protein Crema Catalana 300 g | C2: 300 | E2: =IF($D2="","",$C2+$D2) | F2: 300 | G2: OK
A3: QV-WHE-CC-0750 | B3: Whey Protein Crema Catalana 750 g | C3: 750 | E3: =IF($D3="","",$C3+$D3) | F3: 750 | G3: OK
A4: QV-WHE-CC-1500 | B4: Whey Protein Crema Catalana 1500 g | C4: 1500 | E4: =IF($D4="","",$C4+$D4) | F4: 750 | G4: REVISAR
A5: QV-WHE-CC-4000 | B5: Whey Protein Crema Catalana 4000 g | C5: 4000 | E5: =IF($D5="","",$C5+$D5) | F5: 4000 | G5: OK
A6: QV-WHE-NE-0300 | B6: Whey Protein Neutre 300 g | C6: 300 | E6: =IF($D6="","",$C6+$D6) | F6: 350 | G6: REVISAR
A7: QV-WHE-NE-0750 | B7: Whey Protein Neutre 750 g | C7: 750 | E7: =IF($D7="","",$C7+$D7) | F7: 350 | G7: REVISAR
A8: QV-WHE-NE-1500 | B8: Whey Protein Neutre 1500 g | C8: 1500 | E8: =IF($D8="","",$C8+$D8) | F8: 350 | G8: REVISAR
A9: QV-WHE-NE-4000 | B9: Whey Protein Neutre 4000 g | C9: 4000 | E9: =IF($D9="","",$C9+$D9) | F9: 4000 | G9: OK
A10: QV-WHE-OR-0300 | B10: Whey Protein Orxata 300 g | C10: 300 | E10: =IF($D10="","",$C10+$D10) | F10: 750 | G10: REVISAR
A11: QV-WHE-OR-0750 | B11: Whey Protein Orxata 750 g | C11: 750 | E11: =IF($D11="","",$C11+$D11) | F11: 750 | G11: OK
A12: QV-WHE-OR-1500 | B12: Whey Protein Orxata 1500 g | C12: 1500 | E12: =IF($D12="","",$C12+$D12) | F12: 750 | G12: REVISAR
A13: QV-MOS-CC-0030 | B13: Mostra Whey Crema Catalana 30 g | C13: 30 | E13: =IF($D13="","",$C13+$D13) | F13: 40 | G13: OK (pes brut amb sobre)
... A17: QV-CRE-NE-0400 | B17: Creatina Monohidrat Micronitzada 400 g | C17: 400 | E17: =IF($D17="","",$C17+$D17) | F17: 0 | G17: SENSE PES A SHOPIFY
A20: COM FER SERVIR AQUESTA PESTANYA
A21: 1. Omple la columna D (tara de l'envàs buit + etiqueta, en grams) per a cada SKU.
A22: 2. Omple UNIDADES POR CAJA (columna H) a la pestanya "Fichero".
A23: 3. PESO CAJA (columna D del "Fichero") es calcula sol.
A24: 4. Aquesta pestanya és de treball intern: esborra-la abans d'enviar el fitxer a l'operador logístic si et demanen només la pestanya "Fichero".
A26: COLUMNA "COHERÈNCIA SHOPIFY"
A27: Compara el pes registrat a Shopify amb el pes net real del format.
A28: "REVISAR" = el pes de Shopify no quadra amb el format; cal corregir-lo a Shopify, perquè afecta el càlcul de ports.
A29: "SENSE PES A SHOPIFY" = la variant no té cap pes informat.

Sheet Notes QV
A1: MAESTRO DE ARTÍCULOS — QUOTA VITA
A2: Preparat a partir del catàleg de Shopify (www.quotavita.com).
A4: QUÈ S'HA OMPLERT AUTOMÀTICAMENT DES DE SHOPIFY
A5: · DESCRIPCIÓN — títol del producte + format, escurçat a 40 caràcters.
A6: · CÓDIGO EXTERNO — el SKU de la variant de Shopify (tots ≤ 35 caràcters).
A7: · FAMILIA — derivada del tipus de producte i del prefix del SKU (WHE=PROTEINA WHEY, MOS=MOSTRES, CRE=CREATINA).
A8: · FORMATO VENTA — "Unidad": a Shopify cada variant es ven per unitat solta.
A9: · CADUCIDAD / LOTE = SI — són complements alimentaris; la data de consum preferent i el lot són obligatoris i el 3PL ha de gestionar-los (FEFO).
A10: · NUMERO SERIE = NO — no s'aplica a producte alimentari en pols.
A12: QUÈ NO ES POT OMPLIR AMB SHOPIFY (queda en groc)
A13: · CÓDIGO DE BARRAS — CAP variant de Shopify té codi de barres informat. És un bloqueig: el 3PL no pot rebre ni fer picking sense EAN-13.
A14: Acció: donar-se d'alta a AECOC/GS1 Espanya i assignar un EAN-13 per SKU, o demanar-los al fabricant si ja els imprimeix.
... A40: La columna PESO CAJA del "Fichero" conté una fórmula. Si l'operador logístic necessita valors plans, fes Copia > Enganxa especial > Només valors sobre la columna D abans d'enviar-lo.
